id, name, website, image
bedrijfskledingshop, Bedrijfskledingshop, https://www.bedrijfskledingshop.nl/, ../assets/images/clients/bedrijfskledingshop.png
dutchlabelshop, Dutchlabelshop, https://www.dutchlabelshop.com/, ../assets/images/clients/dutchlabelshop.png
carnavalskleding, Carnavalskleding, https://www.carnavalskleding.nl/, ../assets/images/clients/carnavalskleding.png
postdrogist, Postdrogist, https://www.postdrogist.nl/, ../assets/images/clients/postdrogist.png
a4h-tech, A4H-Tech, https://www.all4honda.com/, ../assets/images/clients/a4h-tech.png
archive-store, Archive-Store, https://archive-store.nl/, ../assets/images/clients/archive-store.png
autostyle, Autostyle, https://www.autostyle.nl/, ../assets/images/clients/autostyle.png
fouragehandel-bus, Fouragehandel Bus, https://www.fouragehandelbus.nl/, ../assets/images/clients/fouragehandelbus.png
bustotaal, Bustotaal, https://www.bustotaal.nl/, ../assets/images/clients/bustotaal.png
isolatienoord, Isolatienoord, https://isolatienoord.nl/, ../assets/images/clients/isolatienoord.png
limburgia, limburgia, https://limburgiavlaai.nl/, ../assets/images/clients/limburgia.png
mijnheer-truckbanden, Mijnheer Truckbanden, https://mijnheertruckbanden.nl/, ../assets/images/clients/mijnheer-truckbanden.png
mikx, Mikx, https://www.mikx.nl/, ../assets/images/clients/mikx.png
oostendorp-muziek, Oostendorp Muziek, https://www.oostendorp-muziek.nl/, ../assets/images/clients/oostendorp-muziek.png
reclamestore, Reclamestore, https://www.reclamestore.nl/, ../assets/images/clients/reclamestore.png
safety4you, Safety4You, https://www.safety4you.eu/, ../assets/images/clients/safety4you.png
schweigmann, Schweigmann, https://www.schweigmann.nl/, ../assets/images/clients/schweigmann.png
xs2event, XS2Event, https://www.xs2event.com/, ../assets/images/clients/xs2event.png
vechtsportonline, Vechtsportonline, https://www.vechtsportonline.nl/, ../assets/images/clients/vechtsportonline.png
uitgeverij-pluim, Uitgeverij Pluim, https://uitgeverijpluim.nl/, ../assets/images/clients/uitgeverij-pluim.png
zechsal, Zechsal, https://www.zechsal.nl/, ../assets/images/clients/zechsal.png